area,perimeter,circularity,aspect_ratio,mean_intensity_ch1,mean_intensity_ch2
404.56699403767914,100.65560202775342,0.5017927834572533,0.620834822713976,114.86649997130279,159.80789685329103
215.06165757231147,73.29197098315791,0.5031066418963785,1.225032924098716,114.20663353800906,77.25995926466655
308.5980533293389,87.78811000672,0.5031895899732582,1.2339919156385644,93.53775939204607,138.35581867273413
203.10737041333766,71.89004442089484,0.49385339488988494,1.6543890983935596,98.32824246739622,85.86287253325169
200.18485198778242,76.56347412599904,0.42913882917177093,1.1472631479886526,99.744866341618,63.60685524807782
239.16488971515872,72.33390223557284,0.5744119922728461,1.2958368407144305,104.3507752428066,137.28800853829674
254.48920677223265,83.35421824218481,0.46028207961726636,1.129310405252037,103.50034807781796,133.83614863946516
231.34250445484508,78.9196629169871,0.4667613138336871,1.194408416364679,96.58543217887151,94.1000292051423
185.77965068112877,65.60171297833104,0.5424723994113477,1.1210149906329765,101.09067057541554,82.92664973368154
236.2886111716859,81.78180091813768,0.4439553703354845,1.1491636208660094,115.15821620786915,104.83050854350819
219.75011959825264,67.7271889170579,0.6020227230550734,1.3890061559812517,101.77518134464583,56.965511340693254
183.48164590984254,73.45291470508623,0.4273507039244042,1.181532846442803,105.31146801834113,52.068570760955126
254.93693303997114,78.24228577826551,0.5233106362938555,1.9521113622133792,122.38256542164197,113.0765464752516
247.39842486127625,72.5093976303859,0.5913140520546688,0.9576981245741515,119.7771468194332,61.9887690527416
278.0352836742172,85.08598070435482,0.48260715808764576,0.8178744066320153,92.17938093716683,117.47969278687685
242.6132871981742,77.91797147603381,0.5021681580484654,1.3466229282603872,108.28835286749398,185.24260433392237
303.62042610214195,80.67352295970005,0.5862445306711226,1.0902963763642086,82.81548863587237,136.86538347563175
230.33746087403276,79.60749231748922,0.45673737536043235,1.3537820355101202,113.36309822098802,100.7716359574141
210.12638101448644,74.00916137351501,0.4820804043938393,0.9694276967921145,103.60274293756969,127.229446262496
234.34394711231545,80.61731499039291,0.4531134412549007,1.4470465823644247,111.04946982755719,113.40184467906022
285.7205517334145,77.65481671601079,0.5954078361782902,0.6666962258415875,90.98318678661872,121.53205726001612
195.85633964300777,72.5846813514072,0.4671512857832627,0.9941298523654735,95.51112864856985,128.39238173609675
267.5209278340685,78.33698504692448,0.5478150007620305,1.3621815183232293,94.00292418173973,129.04670837170985
298.64888907731404,86.78475203307329,0.4982919989579757,0.8977174221235983,83.73585259064009,101.1247423937555
179.66319094843067,71.11900853163557,0.446372659244949,1.2527482129694492,101.73104682201316,64.14318879157862
330.305665796036,85.98623069824272,0.5613943844608651,1.1172768307791296,119.04582181984891,126.76797833167113
262.4165720329272,77.38755653133678,0.5506287119219944,1.5053063041179833,126.70054087816288,146.92575976967026
231.24682509585358,68.95078842441293,0.6112335296896317,1.1634324590867322,116.48803349074892,82.28464950548543
221.87465724196983,71.10311361572045,0.5514934078681146,1.0869072025724371,113.14060341501555,72.11973173265588
221.74107764614158,73.74351912136231,0.5123990316360594,1.5002919118352829,95.6452811866448,136.08732421365133
252.06455872212445,72.63892649078126,0.6003200049734326,1.1063724824021075,92.96949969495343,120.76301119220764
159.34938813658943,64.20249618183327,0.48579879907473766,0.9091525557007973,84.57296677959525,129.97095892900012
275.34838310562407,81.07009028750312,0.5264669118479803,0.5,75.49042045342478,109.08499720778678
227.64106352327371,73.12728363610066,0.5349357055199,1.4460113038046236,110.76510785189154,69.11253021746724
198.37516437575172,68.51494539884644,0.5310391399743917,1.2038599414464366,80.44163347833889,63.36092105914432
121.48028132342381,55.812793141933795,0.49005873935490446,1.8010268171899626,85.51090312953879,158.69597024541713
270.7047653326514,81.97821330454636,0.5061845292146592,0.8096430216888392,91.74310439075397,118.5060230146692
245.5303756452849,77.51570300258443,0.5134944005356963,1.4087563556477607,98.85606724147368,36.43156252628381
223.1838550949328,85.07124806102382,0.3875315187906646,1.5280526127697072,101.69395563378377,91.01494632122048
225.50996674606128,74.16755464490656,0.5151665833282406,1.7228676563935594,103.56112541285906,84.71035917704951
307.9745213206295,88.94434075908697,0.48920176110796487,1.0576195561178154,101.75490045339173,122.41320660312331
207.8679817174899,68.25915036388506,0.560629190889879,1.4705912924272337,92.34040455790893,79.58489999270724
296.241583518672,96.80133386038942,0.3972767974195018,1.86762146937096,86.31849083415256,129.05788997896562
222.77659690808153,75.34049139849702,0.4931993919247367,1.436063749755429,94.7981517562295,98.94196220728783
175.91190904752722,65.12087835745258,0.5212722505596596,1.459456156799345,96.28699653873275,72.95902425517892
187.29351567720678,71.3091790876529,0.46285156032707503,1.2498622547114295,95.14858845727784,100.68519375494478
222.53529128031798,81.38115010509645,0.4222416909556484,1.4629067823853974,107.99088839953335,87.88842849678545
249.70322608460964,83.05400732956696,0.45489674957200665,1.2432727587135683,102.47228061528529,103.04564118950088
194.95566312579155,71.26627988971944,0.4823669467013468,1.1066498321610416,104.05229186202864,117.6952914783958
128.19702547590575,56.80451174447885,0.4992546861170788,1.0037562570397633,118.50595832197965,93.7398808376364
227.89703428788235,78.05977824411478,0.46999572883725554,1.531630717101766,103.11248305624584,58.02940937095523
215.67302041542868,78.02906772430275,0.445136132679967,1.1079268074840516,105.54234056612384,90.94471724371432
219.53347548810459,77.12149796178474,0.46383092821307303,1.66619326729281,94.78664951155163,71.88853289792846
262.6881009852663,78.04713026624876,0.5419215069112391,1.120707472676965,96.88302406211514,105.82062521747912
234.62374554096405,81.61959990769404,0.44258114140220234,1.2728115627518446,79.55215590805335,60.69512534815689
198.25857357577428,71.08318063117237,0.4930694975846002,0.9968169956639986,142.61628795361628,65.17006079961102
173.60713143003898,62.37727420280671,0.5606923614822418,1.145441645060938,98.34214926085907,64.32964531650853
249.99713062841482,77.19019210143513,0.527254924337323,1.1616314647042223,101.12863333687031,66.46259461584184
175.4239023778727,71.94515783924425,0.4258880873214651,1.6228048595948092,94.25034502662152,89.08590236490079
164.20899061943007,70.9057476691135,0.41043455165793163,1.0880247732824317,110.15745301954937,61.99740287057287
176.04689047977402,64.23955900329759,0.536084339827304,1.4717856238584475,95.31982376583736,154.64073807223065
208.27132001763357,74.14603096876279,0.47606200035884455,1.2077395892851523,106.53620292911319,115.22697821353263
303.7584752041558,97.20690075883289,0.4039653121695652,1.4990934543004741,76.85924945350052,145.54235939933542
292.74107196901275,84.05335314621821,0.5206950342325491,1.641994932030572,105.9920193661627,121.82097933343486
185.87832558053617,72.11994207924955,0.44908430491647144,1.175562752023984,95.72179833579648,44.028554293389966
178.82152408278762,66.0629035844412,0.5148898615566002,1.1566648659692227,103.8746178617364,49.036153606863145
284.9317371438886,84.78869058748307,0.4980521659075607,1.0175890766343778,102.52131417196999,136.67410701429412
210.8619634819305,74.7198996320168,0.4746085421673595,1.0980587896798961,86.36842124425016,82.78038897960653
237.70952187140855,70.6543653445206,0.5983818927716344,1.3470682802577396,107.64678668884754,97.57385777192906
238.9761723655278,72.01535436047894,0.5790475931795704,1.105038852883636,110.11373492931088,102.48664711644015
188.759841620729,73.49601806719227,0.43912872624741944,0.942015850533657,97.53231696008906,134.0601203197781
249.11878582477553,79.98105949281873,0.4893752901101398,2.0530812607061435,87.40469617996763,122.48894994561249
254.67122211847268,80.10733511469738,0.4987066591571389,0.8346416602346822,100.3100558970991,155.40581315355823
251.98732890033713,78.15979940854447,0.5183483193395706,2.2092531377888562,108.19303585747342,126.97827290127705
230.62596770683407,81.06857115949244,0.4409740493118555,1.2702481324738288,99.51849955572557,103.56620147580058
258.6223450023502,80.56487069746008,0.5007079424937829,1.4495730168604848,115.08682938997748,118.49703925390367
238.8819348419283,81.21065970564625,0.45516315082461933,1.1164643529192397,101.43778879086796,106.90462695917468
231.8156978696037,69.31098597534849,0.6063851427869709,0.854828211944848,75.86809883542635,82.80656560981461
296.8409622533692,88.24644461658183,0.4790041330941427,1.2997770813084388,108.83749033610032,125.8023196159237
271.57124586730754,84.21927193156246,0.48113913532408653,1.3160464064365183,98.09722600083965,107.65061368747911
192.86598070295383,76.92336345500571,0.4095896399392312,1.1661948505956696,93.97166134505419,90.9477180935519
271.38025454714403,86.65145010952064,0.454188819743345,1.2670014775326057,95.54918055965196,57.989290504488906
354.11245283128915,94.79649408396949,0.4951838953450471,0.5033535151183225,96.80522420148061,120.95047989425213
193.73493720519014,71.24680366346983,0.4796086856319924,1.2837250157546831,103.98018801451326,78.51521350614235
214.5112271400693,71.75106427224041,0.52360429076708,1.4238634889636868,131.28932477437996,112.97534733168469
197.72675428514214,72.82275829515946,0.4685339358086871,1.2689458458557736,114.77878811714851,98.9682388572974
265.0316889188249,80.37599777334427,0.5155311522160777,1.2952038064698534,111.59251562004427,62.70993447556589
277.79155579961133,81.30785749151612,0.5280364097182437,1.5579692278763626,111.41340092379315,133.85319152714754
249.6287677382454,82.00709363015014,0.4664463035593347,1.282096526310999,115.3167466080941,136.88609342281333
219.24501285969217,73.39598449240495,0.5114403479074214,2.1249961860672255,102.33264152515554,106.98234040768996
283.1318455845499,81.09642165126873,0.5409974285054066,1.1806857679037945,107.12136815712489,126.47593575061649
156.2734657363871,70.79010652944594,0.39187718169811675,0.5446087640154124,98.08941388082246,137.5141049227351
227.5022322153137,75.02298471811311,0.5079334917426797,1.2441844914488704,82.03708267835202,138.7239221578923
209.71048620121206,70.102181737484,0.5362495519898067,0.9530137850491343,100.65549341260946,113.89975009301251
253.62435220916757,81.44013538976017,0.48053368954425946,1.2739182898505215,93.88466165369532,111.35623352275492
226.3529257310971,77.87937872878406,0.46897643363806457,0.6299621168268145,87.8423468721401,142.37562072319832
271.1983066423397,79.82389550616192,0.534848769938406,1.1666777101912604,100.51716351028193,71.88219137320469
192.74546173702254,71.71549692422396,0.4709426260562126,1.3136838075389936,107.95201925261394,83.53677854630308
293.9496209581624,92.00806798764026,0.4363459464445345,1.151983299608054,120.66995263659587,132.4306305632588
183.12043081400435,69.66168569031241,0.47419689573053103,1.1651951852476616,112.957419277762,61.948691271951915
125.60268349906623,55.02454771129756,0.5213097161078984,1.5502979147414822,116.37769302817995,79.88215737396175
161.37506399191022,63.04390560478593,0.5102230462084557,1.5073020816905944,120.71097535120356,141.67562497253994
233.76206466370508,77.89347019856942,0.4841520708470827,1.3921824657963624,95.63315339162193,77.03448125928317
150.47896556802624,61.43553573348979,0.5010099621816861,1.810587987018466,85.44617493100888,127.84922477927627
336.0283875698618,94.25439219551787,0.47531622320144723,1.035135727831888,92.39852973025262,124.95877787362721
228.25751147293636,75.52331722591818,0.5028898006233984,1.280230071460926,104.69148396615428,56.75794080424506
251.75247575893994,75.98821038298351,0.5478872339292657,1.0446939547225498,86.0743721562029,118.6606948105442
201.15401484408238,67.19323181277586,0.5598704024956376,1.1935745501932933,93.63159591386226,86.7794460045766
264.1019635698457,81.45512858003949,0.5002010822420518,1.0262892051936845,108.34935964706365,104.50574861419477
192.57084715320465,67.57644979240972,0.5299192074378347,1.2161545683255932,98.8078689467608,61.5135231940055
204.30658468651677,71.02403795458086,0.5089574881701038,1.3901190337698082,118.58524430367439,81.94383218986518
244.27660431710552,78.13472589477877,0.502809590091169,1.3709991334305696,85.19701642990324,132.97699015331395
266.55392629502506,78.92003799607906,0.537799478397686,0.7775285380340399,114.01711185380313,130.138031191734
205.63126493728925,74.23217565279987,0.46893714213007365,0.922402597497318,98.4068203229701,79.36695958607274
327.2048834436952,91.00992326298406,0.4964232853561786,0.6930060330416427,120.079730682195,121.40943279105946
390.0942700395234,97.01731068744166,0.5208119871149193,1.5498716801954342,129.49765300482483,87.37731897306426
178.29713420420188,67.42654724247517,0.4928246075196879,2.027337311464399,85.26200579112248,67.36081396257562
252.07075338279827,72.49306213922118,0.6027530734816161,1.208945464060676,112.96610728758088,89.00069760056203
250.8629986487233,79.51927104264452,0.49854193252995205,1.1015688596539193,91.29805464731903,114.53714338315496
231.9810878973942,76.26000895283116,0.5012665687588406,1.322335474997928,123.60312773778426,72.79991508797143
187.28774209369521,69.11848149407402,0.4926413269356293,1.4726187343227897,101.26901441868355,75.99822529520186
226.05892726915212,68.43807125065783,0.6065072592096054,1.4966129350446382,107.07238819457393,85.76997445532496
196.67180180993626,68.71437373466354,0.5234277883687811,1.5771995794467282,111.29254262022356,132.35189045881657
200.70717891232167,76.32613830388932,0.4329384827121709,1.348426768594049,79.29263069145264,92.21650874632319
195.98784874551416,66.37546764184651,0.5590154643513203,1.560160562937904,91.33878752932107,83.82566397953556
165.16921745177916,70.28539784259053,0.4201542493720798,1.1594904843577931,106.76144863471677,85.80607129463232
288.8109965560725,87.87210570595934,0.4700256100866507,1.3446254573811562,106.09449893850797,129.62274610272843
158.22283598945558,62.39060050377852,0.5107880134087168,1.2846534759026542,110.07227724774401,69.48642035300003
185.74969843916688,70.47806821981271,0.4699265666807816,1.1048267903033284,110.5558937501327,54.151934547025334
374.2958150472447,98.96576829660056,0.4802361340802916,1.2535434025112924,76.83697709339128,102.94809232372018
196.23802409977563,68.12840496843215,0.531296045949863,0.9007459256722368,96.7029439805453,84.58396027959972
256.52573694765783,83.28443231453416,0.4647433115755308,1.4928091960928453,118.28276926438821,100.8602477014628
239.8330387120704,75.37284591546401,0.5305044691143425,1.4015546289620144,121.76246223425801,120.89754211088801
252.0172340227823,86.57717323660825,0.4225064088008935,0.5,97.11489190989607,120.84555817201307
143.09580437112018,60.84375250461822,0.4857410218652153,1.3257768253623619,97.56141744032844,66.85803556844502
163.0284665175797,64.82659934349796,0.48749125268405835,1.6099407003668462,96.48835399855217,72.21333902077474
190.3132479126258,72.29250218510943,0.4576066968240263,1.1933283199043365,93.83778613433884,72.78022811731067
211.17839219295627,70.46980426887882,0.534383712262214,0.7804955627138578,113.47563417766267,86.61590156770859
184.97410870897212,71.83645568325333,0.45043384362796907,1.0939544397342373,106.8188279723047,74.39037864567264
280.1903804211363,80.99784375314643,0.5366809372872106,1.0466745881241664,131.59987199846896,96.18507606219157
256.8312797178412,76.75010027311173,0.547898203793315,0.9042406445104494,103.35164735039865,77.41496097684147
193.16204358812922,67.08004011377668,0.539442337040094,1.5222065177983923,122.47272573201799,63.275328218532174
203.9196939849421,75.32156959357343,0.45167942894339136,1.0668196379471506,93.7979950084855,97.8456205856362
226.5042356727023,79.90118299563717,0.445840762721013,0.7337008098029435,116.27166905441854,83.18511533082274
344.7143797154886,92.52398463965754,0.5060117582144692,1.1707571769875398,104.32410542218582,90.92146894125547
254.82271328924037,80.28781081892213,0.4967624576931445,1.1328172533181537,100.37856499979736,116.10972738872718
280.72168839035777,74.66140368413969,0.6328394288419732,1.1180909296457102,127.41141866102632,85.78181334412974
245.92558098928083,77.87323298975492,0.5096090824447155,1.5220761846716955,119.294951823311,74.32885990413216
234.00139138827882,75.02656459395396,0.5223940021575749,0.8529873675283774,86.10535001851943,118.94633816142837
234.8959951789326,78.40942579795485,0.48011904047072806,1.464341794748456,121.0625623995773,115.9220178294414
161.91829626052282,61.09789277804245,0.5450713125897908,1.3208463631581069,115.60773118460519,64.9606808108073
190.47918344921055,71.62943390104817,0.46652438274226204,1.7829352936777108,87.16201152441917,77.5276530793106
252.51668499709626,82.87206285728821,0.4620443292314668,1.507574499130992,108.84597313399445,80.92745860850268
251.82588408182917,80.53296788553986,0.4879359559332218,1.0988390180908139,86.24565131983272,84.92118349105695
348.49871680551985,93.85054257332901,0.49720727203207304,1.118989887833056,71.25252585642482,114.93445219082204
186.42976284950652,71.14830907634772,0.4628027651474454,1.720537036197893,98.44919909085453,172.04753776014687
249.18770107188996,69.25859110757649,0.6528135529064535,1.4093970802914921,88.6883891092727,76.55444554332216
189.59638438368302,66.91694263456148,0.5320687282712085,1.1374091973611884,127.94763603765863,75.40754375380995
315.5188271492173,91.66972417418472,0.4718275478126872,0.9944277435244419,110.6892448285289,96.32699002265302
191.4569877817654,71.10399345135592,0.47587523028669704,1.570200345991807,96.17917452625629,96.52387317496536
188.56150123713994,69.91124596145151,0.4848069161689807,1.135189505185727,97.81564794183733,74.9680016552061
322.55437598945434,88.99677870691131,0.5117575133674976,1.3382357090867465,68.8010786885232,105.32193779393769
240.57478836387367,73.92156165511855,0.5532452707057106,0.9990679760109652,116.72218645800301,126.38983313965892
197.63924555388937,80.9675396582992,0.37884465654142546,1.495479625547269,109.3170248371075,87.34196524915518
275.6161070908528,74.1111484177412,0.6305904250825903,0.7553859547787889,127.73311443774853,135.67686245842157
316.1191972171503,84.5832394750919,0.555254524171209,1.5196878802657114,112.67306419704875,130.2237611950529
260.37114053072656,74.23631681361512,0.5937038654087041,1.0549187895605148,122.67327140046514,96.98188690321773
186.82321213440315,65.30237179924595,0.5505322797435722,1.5622970354067658,108.99146905146523,70.35621024733337
277.2195533426798,79.4392466854569,0.5520310285136248,1.4494372439747165,85.07146841889691,94.7164986908882
254.21533877731895,82.9092687230134,0.4647350695608169,1.3548716287276177,99.53816418551379,76.74441216878391
270.8022302030016,85.74348646141844,0.4628708416776349,1.2560247723039641,103.89013802515782,92.56233259218622
198.75364886041982,70.13688469188284,0.5077290717850558,0.9312188602186824,114.18085230678952,49.050630476427955
279.8113795413454,88.76146353535512,0.44629942550974383,1.2491624822318326,122.84088120279074,147.1116805804448
219.12565409400733,75.68610482008324,0.4806963004894069,1.5130231784739339,91.60157781160429,70.01690573800006
241.3632514543235,76.91542276455849,0.5126891761417247,1.6508919977903567,104.65069798415104,61.3325089615421
172.3411771857101,66.30921064012686,0.492550997704728,1.535493042290753,108.19544139370481,94.86358655127376
297.5719368929857,80.50936466664933,0.5769112884765596,1.9597429585190245,109.98114273200908,99.21815178524915
247.93975454378074,73.93606362348771,0.5699586920309307,1.0322727675670065,102.55499712307363,51.58309660257982
211.44933429778945,65.95300198006082,0.6108675422920065,1.4207674263942884,102.30917233682882,89.88565927580876
245.51972294041798,73.78951381560405,0.5666396383556709,0.50663919626997,124.54479638699944,80.97552632391523
305.7918184478685,93.44484585611937,0.4400733016946542,0.6871586505396048,106.78533442507596,106.84186591915214
218.38801860707065,76.63823415044807,0.4672482604307795,1.4157583462993844,127.41656467756263,70.04356720628626
261.9126172499682,83.15495833536674,0.4759814019748736,1.1827643921848787,100.45801802524626,101.32592897667004
289.4831561079271,85.19935700490183,0.5011416846211081,0.5,108.39540492604173,153.1103526219458
196.05222907865598,71.58242939509257,0.4808047852681526,1.218765700847714,73.2667148727503,127.2851538762342
198.16829634662815,69.79247125105863,0.5112424260772983,1.3466680009492187,111.96335942396517,103.17168260009197
239.5772847838717,75.5350199951992,0.5276656283905298,1.4723577665547183,102.53812244393626,93.85272440664451
190.36113532758046,68.42532808751879,0.5109217292587154,1.1755253379316701,103.61789131439244,66.62011042853705
208.93252273306555,72.62194230230074,0.4978290000070225,1.3494823287341964,107.71664040257849,65.14790305686384
226.1525852482758,76.08693386075204,0.49089799025645836,1.2867162607174112,107.15516147840134,84.6326268956984
330.8529015537291,93.13613282687164,0.4793010816977649,1.3885576172835938,94.70636942259668,112.69596677973203
208.7531863786146,77.31455768293962,0.4388543686601551,1.1935948421408664,115.88990584858307,123.82102471465166
239.2502521694033,77.88937326219825,0.49557096048722926,1.558174932045751,97.95783848720279,104.28389621649362
209.90462901230003,71.49325832004376,0.5160617835643176,0.750825509317179,120.5662498985299,147.31471436938475
228.7937686340637,68.79119208076177,0.6075588972806648,1.4912699965010268,93.24049942649667,78.46771363801004
161.57269121688188,65.60860956676746,0.4716894415876299,1.2302975547211883,88.00425702391867,88.25194001036344
236.53693831354357,72.34461836058637,0.5679320465733348,1.355611636135661,110.98698245228091,72.38210549837841
247.4822826359029,79.33608973548738,0.4940972015772765,1.0697220235684353,94.09174232420408,79.28777095105939
243.8657624629626,80.82129995650862,0.46914709646662195,1.6929215984779602,102.0125007878091,81.6660600822131
302.2041637074589,85.52969711677737,0.5191303735219712,1.2942197949703458,81.95125813621266,169.58482513239971
370.76942750744433,95.71427007431123,0.5085813109789746,0.902157261868755,84.49317912175766,91.81380992443715
155.1849593460306,61.6627978156532,0.512876781821448,1.2777304699135357,95.95873565789725,85.68541811669918
174.3903804356299,63.43056781648989,0.5446721766344936,2.1177976343328804,114.65572936955321,86.62323501484049
213.9009740342278,72.71067035845513,0.5084243346033961,1.6033046870586056,104.1041113342959,86.97544036779806
244.9670608936582,80.59499038720385,0.4739160967607538,1.5102977995099724,110.14629478461427,47.911092781218684
310.2566195666441,87.71425554252339,0.506746265510778,1.139185049066995,96.28352138839794,47.061125630355576
161.16497866817352,68.93624231966974,0.42617240559191255,1.8405159783847258,96.06775221477092,80.490008481488
271.9547109420522,84.22676950134358,0.48173273950601997,1.5826021228721483,101.14295372604238,79.93128542755201
262.28325366338987,84.13645695180624,0.46559894473426916,1.1669067358810283,105.34938435059512,149.609612302615
200.20191190715514,67.30599695147518,0.5553548406188172,1.5503692206556763,93.05160411161236,121.71544469632448
180.23122226686723,62.03467561865417,0.5885330559064594,1.433277530355321,104.45051467670498,124.31233330586079
147.40813436982165,56.913942094035754,0.5718656073580471,1.7023530920787149,107.26510421252405,77.21078176679897
349.04024107676025,93.17325957428591,0.5052458857652663,2.109686160191638,100.13269213633869,137.2853392216361
316.144605673142,91.20284292968364,0.4776160225732501,1.037776858635604,100.35586480940961,127.11592111053562
228.41347931553548,68.62174119676224,0.609548302450272,0.5951413300021897,92.03267905895498,111.46373761739841
138.08786832136724,53.6637201958892,0.602564908912303,1.5358624985703886,101.42654972396907,140.18948964434418
306.60418650823146,89.23906845939146,0.483813395119615,1.2239154497306268,72.42469612744046,136.3111705450449
183.22233300309892,69.60814092284322,0.4751909960845776,1.0542718887757803,99.84517830869336,85.13266218607474
259.44067563916167,82.53154771533362,0.4786388558106105,1.0824479861493548,109.02768145042917,106.17828127224959
143.47172154557865,63.45411697576268,0.44777161949053157,1.0451328415491332,83.51998846977907,85.39814110817532
372.9722276751652,98.86973617919392,0.47946797851281514,1.0991945051589553,108.46874969750039,105.29882821009555
286.4398318198401,88.74560314005512,0.45703513001144647,1.2460322408899445,113.66697865182282,79.27374125969155
277.2073212712842,81.0340038458833,0.5304933752010466,1.641521167117972,99.94133507031356,98.91894916676705
196.46948362596603,67.19705849335452,0.5467697039832302,1.7274594167956452,90.07780005782301,65.32330520420247
273.82754053883184,84.037891028536,0.487233005054572,1.3430152925031578,95.0137975557615,69.89140839986082
265.1428349930369,78.44407681396864,0.5414638252097022,1.3493969831201345,98.06481772286593,111.13634411817483
166.2158410363408,63.374239094338215,0.5200639610595253,1.3242222616448662,112.70606546547897,106.15763533700226
252.65733959693117,76.65843666693824,0.5402837013018761,1.5153572896058716,107.14470776185317,95.00425319322602
256.4492365988228,80.26646774137564,0.5001991754804235,1.4566098853995515,99.07137593988843,111.02765180494754
160.85230925578,63.137574629283016,0.5070623612405738,1.2080862706389661,116.90768040145805,71.28164486847372
174.30874689140762,64.51805152306154,0.5262190409650268,1.2730226817348143,105.72809287057883,100.47411494277509
206.96038721353685,75.82653670236803,0.45232922798014674,1.2492056650962773,121.55672959377455,41.6422531253647
280.3036516342052,88.374880228125,0.45100457056227733,1.3654382367768583,121.43755525887914,112.10244139712961
119.48089638581499,60.24498223665085,0.41368195279291126,1.2949605678732152,94.98839509821448,82.02233625404833
233.81044557740495,74.1644433507488,0.534173440412484,1.5430555607014815,104.99340616912647,107.46493565197588
142.94613321206876,58.679377735770565,0.5216885157817855,1.0618666457236925,70.1912110088177,155.97136147877427
326.60983088776277,87.32755124759449,0.5381911503501441,1.0444091262059134,108.27311609336235,130.68600187984836
203.51416841199907,77.40425671166669,0.4268495466359942,0.7521514978906633,97.72965780995617,74.10636530577042
171.67557437387993,67.2713002703953,0.47671490282384804,1.3370568709797543,100.53126231471376,83.05253473946529
208.30263315304367,67.53629193115034,0.5738920382938366,1.1582897362177293,103.58293925929925,79.45130963013072
310.69527754590956,80.196501060171,0.6070628758850508,1.4092219603671081,95.52414400740261,117.14923232993293
242.66298550717454,79.64876596286305,0.4806791644494959,1.1928237595772055,103.76705402943416,77.64738867619614
315.30448030234646,83.73504721113835,0.5651002076234538,1.1281790367964322,106.83044571331948,142.2293442314728
222.55701591752688,73.26837633606306,0.5209763619637897,1.0437542156727466,116.20996733351875,86.71489729320524
238.55760745917928,79.95603944553513,0.46892197706545613,1.5368895523581707,99.9776032343685,93.1339471523895
225.14711475113128,78.43211378294919,0.45992647589647007,1.4933070015460828,115.84499737239572,88.40714020733768
152.67077077026028,62.19399352272653,0.4959853787500011,1.5035523470905732,113.18735582019406,63.20861587297712
199.39321618673634,74.51799872718345,0.45122990736954016,1.529101294736002,117.83899935598905,92.15816871484384
423.82608613130424,99.08846453066701,0.5424395541728395,0.5691993464031506,94.14280055594631,121.87465769285487
238.3343681478722,72.5708052686731,0.5686861512981154,1.0730747015171085,118.58515772214572,71.73289188796089
355.4344213169834,104.33558811499258,0.4103027342204937,1.4124036194201215,86.38826343074845,136.31071049618177
217.0547630793298,73.61889854127152,0.5032694332174017,1.3668361322286793,86.47903091950431,142.55943193059792
241.93580966380233,76.2209312560784,0.5233129923798618,1.1088958687898902,113.89230526546511,132.29751910608726
192.880255368658,71.2104311056271,0.4779807500606379,1.6090287930634768,99.52195110723814,95.71205946636526
256.92496144092047,77.11108546254806,0.5429783718420467,0.881794754341169,110.45905668220637,148.45468496316892
189.02686301034902,70.44054456535439,0.4787270654218711,1.7914563142605353,115.33553213746305,107.21109545858823
218.8883634075772,74.04544624281058,0.5016904436836759,1.5994381224125145,103.82575236389158,63.969027730693924
254.6960970410906,77.7354717371848,0.5296557325394607,1.4420198555752906,114.39954596405323,138.35916762696675
203.00354691582368,64.16936508038238,0.6195238149735266,0.7149482204542356,78.6971531007193,72.53281270975556
349.53800285242215,94.8024154425853,0.4887260170156637,1.1907694662253168,82.38969604906171,137.1766900517589
369.15601695821675,94.61664299957972,0.518184890060539,1.637291117424353,87.49014004347313,141.5718290070642
195.75801220042538,68.69079653128932,0.5213535145122452,0.9204895845528678,116.56601160386803,84.1360305549618
290.37508303116476,89.0073417405074,0.4605932292331821,1.1182893504912625,98.09548599739536,76.25482469209528
199.27477151679824,68.44728898416373,0.5345024260436929,0.7970737297690452,72.27300476470813,90.47105115894881
221.26287417760278,67.43115452045255,0.6115010717572166,1.4020294832264137,94.1496960564622,84.80805546167655
140.78029568608048,58.084930445224686,0.5243542468283113,1.4206950131274552,104.67625713804712,71.3149420455407
339.8351052353541,90.17277376180188,0.5252030576547562,0.7972146249947039,103.7351470556969,130.37825632856985
240.1613957242368,78.20726640994177,0.49342238765088803,1.6084859900859274,85.76701421673113,73.81395840204323
174.84613447210643,63.47202851016436,0.5453824303457439,1.366208952504064,65.72532314883864,159.65740414149013
182.70815502941025,64.12211996080634,0.558408540171551,1.0382470458305435,96.35712595193188,69.37538484776371
192.28246027066083,72.46197904997396,0.4601814965290628,1.74568120037334,80.7229960561634,57.64324864623835
153.74872378556168,67.21870908867128,0.4276032998852284,1.2892831670793072,97.9577406998797,95.23537519362961
277.13956049666,81.55617233356428,0.5235940686332048,1.618657052634485,112.90887832444929,94.16900901933525
225.06963128311796,73.69976540236392,0.5207083627097171,1.2132707077257696,110.99698613856106,143.6928970650934
226.77791558202898,77.64006400200054,0.4727579641370473,1.472639636784132,110.06300260445593,110.6269915204587
225.22149649072958,73.14662033200713,0.5289701609504552,1.5787827683563935,69.540529719113,129.2336343949533
239.40648300050188,85.01789344051048,0.4162220567497063,1.599322861164718,89.9007649340591,143.90328420652125
170.32686699279563,67.52632339673188,0.4694040294775813,1.1032424425238228,108.26034724158775,95.25138630748627
218.40735719001526,73.68863532569782,0.5054475553751628,1.3069455541914912,82.08724997178558,119.69302481947811
191.0626501173339,64.06129737439294,0.5850516408958406,0.8423934175282921,95.18506767113296,65.17642838115935
438.2383906412319,95.29579473629664,0.6064190161583795,0.916232482026836,88.52082924961374,116.51191400512124
288.50092655893957,85.20183075816409,0.4994122868588539,1.5777247015825597,102.6697514522877,75.10431023557182
306.0344594612915,78.82961127597527,0.6188728418124125,1.1271383094685405,97.95593334765474,136.0267548313134
151.38646588655587,59.069857778048956,0.5452115707860171,1.188587090376096,120.04209504264202,92.82685049817528
198.32779605829842,72.98144171786161,0.4679167295782463,1.5793321295197251,123.16825991826116,77.93097374964532
279.2119829234738,87.68036897373777,0.45639321518869524,0.5,105.33151593626211,126.95115675385286
247.7925883365043,73.8200964669481,0.5714114774085653,1.1789292431459308,108.08949830320043,110.65099078488325
328.02862059978895,86.14743029079678,0.5554397375984004,1.442923529004129,92.92631574995995,131.4210385958843
263.6345431838551,84.19821151110462,0.46731147427593167,1.1727145037751188,106.23555209647701,96.02216791910661
151.98518531401476,63.10356208609544,0.47962672168712994,1.6711703812513428,84.09384946279462,147.33143983539975
212.12283220171653,68.37649794296287,0.5701427074812665,1.611157556619915,86.24314190528575,125.31691484599808
235.59981216273604,79.78820070479985,0.4650583655833678,0.9742885548194997,112.45598565699522,151.9007926696481
190.1936238896664,70.6183299212581,0.4792597229116278,1.5219380793434767,111.47651224781528,138.87982694080816
189.096914123308,67.0906100277915,0.5279232927677969,1.062444560782529,122.00802662535514,98.07462924703833
228.70254144157266,68.0901761137077,0.6198861595326499,1.4130101860624833,86.5739501904869,66.53088855124736
202.3765587394641,66.78652253135355,0.5701543061890867,1.3532466381408177,103.74023250024109,48.604513966162116
251.83903414950913,71.8418782273325,0.6131652770101924,0.5,112.67588968991787,158.4957728408378
199.9818214977601,77.56281037732403,0.4177277341779384,1.3410583072091606,81.93369797001493,148.90576475891328
221.16403490259998,70.76000010165173,0.5550712312289996,1.1796633825786105,109.35515390189438,151.57593770397503
274.46028161359396,84.91249607920841,0.4783504133168736,0.8602033267001423,99.78866381851131,153.81174531303583
276.8468411621531,83.05046020510282,0.5043887017924714,0.5,94.6067916166803,112.05614263703279
284.08916193920686,81.74449020477778,0.534253714296694,1.025233557871444,113.43875294280114,64.6576989283464
183.96498061610268,68.30574603455246,0.4954850381889214,1.1462281366188964,120.95825653947858,141.17482493466883
226.9538437500412,70.51717688501516,0.5735318914376237,1.2531117803298417,122.29159716714175,86.34807245587481
199.8738568683327,71.6015953004179,0.4899146875744493,1.505309796989188,121.77860988541003,53.552511374593294
196.3084702448833,70.34173921596982,0.4985660462629078,1.212719954780285,117.67924510601202,92.40093940797993
334.0135196815519,89.73069000271131,0.5213050057188443,1.343784691499318,108.5077034373686,113.05459176650994
147.81486731444858,63.150416942185394,0.4657743166581798,1.2443198515834737,123.31448746287023,68.06415560955905
205.45048922769064,71.46128266879145,0.505563171362303,1.259127907356771,76.97869599323104,64.63714836903712
264.33604192518544,84.51539261132066,0.4650446153789545,1.7664538403333834,102.62672820056001,31.211757175560457
319.80354089021284,81.96804455443353,0.5981415651658837,0.8711573288104972,103.09334405126597,133.32523502375136
219.69142830362796,75.25508627214468,0.48747377938739256,1.546238667398073,80.82190667376817,87.58890943838762
226.93659273559174,75.31913884922639,0.5026940005973949,1.1597636919441454,92.90674443647195,109.73530522606478
341.9386078927657,96.3974621891624,0.46240955771899206,1.0462223449408738,86.08824430184742,136.75967887763696
208.92351124449814,70.89507129095749,0.5223542024232445,0.846662647048438,92.81114334030221,101.48781682683133
328.9538994986898,89.44685875541819,0.5166717499269297,1.2597082546101306,106.84450507772975,153.73004452433725
231.99727305927166,79.79953473774493,0.4578171164575319,1.049167330578387,121.1492033452959,142.4697372632389
284.15636017232464,88.0696184249396,0.460378481130156,1.2179062517467552,116.68101011400782,70.3033217763536
336.4275274435537,86.69033000538676,0.5625486352434307,1.0972725000827834,99.97127282776455,106.6664036624935
240.83977656513582,74.2495906901439,0.5489716938243386,1.0156516784810534,104.74290761416871,123.10322579262971
195.0353281936756,71.49735135249068,0.479449911179358,1.4608811695652042,111.98604035687308,78.15899870616985
249.8097476490477,78.65408871117188,0.5074305813674235,1.7217478974666025,120.40958362936374,155.46947722542356
196.7152404927078,70.28950602818355,0.5003419187283726,1.6286719482543386,119.55537624712298,87.94568958572654
312.7485590390089,89.93061632451023,0.48594827166464083,1.5245829525565278,85.33227223905935,122.68733683737625
192.76952633571236,71.60483600700569,0.4724583570604962,1.2702580320880035,122.75534579670126,103.06519618548813
276.1402309441842,86.7359846159102,0.4612548247519626,1.5500675776203305,100.11311983223207,98.85586102713245
113.49662030281722,53.401459621666845,0.5001341821397862,1.1757102506638915,117.97509079313909,80.49624421472845
209.30103804646947,72.79825482337928,0.49629432582967337,1.1124487391991686,106.01488807444738,63.75244794580873
195.12524672916885,67.97533687242438,0.5306651801908904,1.1728013341834436,97.29388642021574,87.21867030515708
194.15849195605804,65.54144383368862,0.5679815720658321,0.8645153234146576,109.02164828372813,98.0577099404797
218.50718363770784,75.86858681645926,0.4770364826069886,1.0831546235894083,111.07860434410442,66.75991686144702
245.8973157213236,75.95935793681367,0.5355513047322805,1.6261700643085364,117.22863067655209,65.11879544671316
161.60147272734463,67.05084851742727,0.4516963924954272,0.7167236936651769,104.77246303675662,101.64708379615016
172.44682699419212,66.01745065700128,0.49721883628905367,1.706283110581848,90.42345709468017,61.323625791705965
248.4247888049477,77.88908703726908,0.5145784169548155,1.5168184881058242,97.12218668133356,70.08138891947051
223.6402207800374,79.60677790495723,0.4434653418298804,1.6072229480301254,126.67144453555792,85.7777824190099
263.7604887732848,84.52237273566205,0.463955409303471,1.8316789197862293,123.19578430691301,121.54814481022564
256.9002402188947,87.69274640172938,0.41980444329819155,0.7531911390913625,87.06415534651478,129.33671616803394
158.54748575476447,63.849234575311904,0.4887174350214933,1.1747205261909486,105.73073708828113,79.00150137605492
243.26727176740002,77.11295934571807,0.5140895880024593,1.155731616101409,125.0344938835623,78.89544212140417
228.50069679546033,70.42121852461611,0.579015675850784,1.0040189388514278,113.23528630870969,58.6867709101987
238.6585621958401,85.18732232612103,0.4132729203638991,1.0041283979684859,96.37838997881703,71.66682210395197
233.875430713448,76.95130452060641,0.49632081706458914,0.6645030941682941,90.27434568534146,118.08113316966256
402.2588546275456,96.52972793044806,0.5424919679107059,1.1647768776978602,93.74196262717021,128.85028367113492
204.9186168172961,72.28310630545703,0.4928532949179617,1.295402253850772,108.36093901484976,81.9600261411842
260.9050482631591,79.27932034637377,0.521641950007563,0.9977883566861103,100.99376891185997,75.0916302429915
330.8205287781743,87.00336461150046,0.5491996089985168,0.9286945225394664,107.63121368661146,128.57597779561678
284.96182078110394,90.55543079229594,0.43668426086601736,1.4787369816089724,97.44276995172217,142.78028818985888
202.98739609077023,72.71042451816224,0.48248695518630436,1.4206889614819036,123.81323705016447,78.59913524310197
219.62125010294645,76.42698916204017,0.4724879330435249,0.940694821169529,105.45963268520215,139.90402069484128
134.3954863525433,57.35919613348791,0.5133202945666757,0.8478932605507982,107.20520325410253,121.78400442190953
247.51591062202021,80.5318076237671,0.47959880282116835,1.0747739798159262,96.73811822521816,113.49811617175493
254.45172947514487,75.4509732579307,0.5616756268641848,1.1727358458813097,84.32598183222072,54.43275380510802
270.73651862961844,89.08642854976523,0.42868037999635183,1.170292543687817,114.83745287589512,138.8317218415597
222.94450774644528,74.88727881270425,0.49956331890820926,1.721880480089502,96.22525729332152,145.7746175205354
169.36314310632082,66.23143153326707,0.48517731286433513,1.3013456041507798,93.65286160691457,62.48881381814403
183.86718848112184,68.5714924815512,0.49139065728655523,1.6264495005335426,98.91187106588141,65.6803126818946
202.14232699687622,68.2917313853459,0.5446667676675151,1.6200104774292923,82.809746511415,112.84850625042415
211.0898702535924,73.08913858849509,0.49655981449672026,0.9523149288401911,88.64903191512205,75.96363888522177
203.37957776967488,75.16554746466637,0.45235516706863627,1.0635837651841114,113.69746509320224,72.46858054617354
247.21958225387277,85.44802147850707,0.42548936532195325,1.4851481071730783,112.64043422602771,87.71293320882774
256.3902934955331,82.65605599973274,0.47158728390327415,1.3053920917502309,117.99896289882116,124.0649570660314
278.87862833572706,82.91674293017017,0.5097305103461928,0.8101019014103894,100.02987826834298,64.88320528372994
174.13386842960523,66.55539378394585,0.4939996001871542,1.3925830575634022,121.49659457371965,72.55681038788052
167.9002500418676,64.0048392832832,0.5150336254457284,1.2391676438940853,100.14254185207021,74.47273226459222
273.91890402401333,76.24792782645169,0.5920737114235962,1.1704753949211053,99.80121468239815,65.4705222809802
285.66014997655066,93.6805392683213,0.40903527197433953,1.2098098060344282,105.27152292233697,137.4275117420295
274.0569365429769,85.29554516181511,0.47336698437879127,0.7873062416405956,107.77547002322198,146.13387800630005
213.60095834863847,73.38824710441263,0.4983793412459081,1.403185650073735,123.08452482251305,77.21085677038641
303.6095205219001,87.82680176155722,0.49461936300815285,1.7678728118180422,115.5081329756695,137.7820564398239
197.77466516203648,67.80510720391487,0.5405746901269762,1.2142685689458845,93.3189424713342,53.37977371281565
194.1304516285823,74.49949293979874,0.43953847314665345,1.2040385150071153,114.46711957907621,100.03228515794264
245.64977615298616,74.1919875850536,0.5608054493055893,0.7416567805745673,98.85401559173057,84.23768948913742
286.3218036362612,75.90965035741202,0.6244106518015778,1.1684273087426247,62.24168997346649,143.04878715641297
275.7180312337722,85.35938345113628,0.4755240577787752,0.5439117534433613,90.26494465840622,144.48302009237622
297.618370354601,83.61146650995833,0.5349804560905538,1.3881590491581561,106.76650273156066,100.19612460556979
306.23284630854283,87.35400561825608,0.5043081494705449,1.1976561081383406,119.70496156946658,91.66097259749108
187.7924532826287,73.15587495366732,0.4409502384041242,1.5643777322664387,124.37778672359791,64.69809530073901
214.54900820698754,75.37509264483376,0.47454855727754797,1.0599939937726475,85.14454057128853,65.33653036869124
233.3954782054784,74.26684005050589,0.5317560141071179,1.359958141147527,121.54296450704142,91.74093223303223
250.29552573816497,86.51885691739554,0.42018583183979547,1.3852525246830307,116.01357068017687,69.85352179284833
209.7285954522876,81.41605385397402,0.397600951336095,1.4982693260056628,104.31913367375786,112.21779561632272
222.043593029931,76.96244189263493,0.4710754079894157,1.2800860773811549,109.0769626499566,82.88128831697728
307.55852242273943,92.36854451454059,0.452990849363027,1.1769622389231322,117.62129325444448,142.70707279200693
112.34465162903763,54.69041426710276,0.4719976536980507,1.1616208552410734,111.2543348293211,83.13058281618711
277.75373353245334,87.66727116746411,0.454145267159094,1.19724292268082,105.43291480055301,76.10218059107642
208.88173860136752,78.5893673309356,0.4249939546881305,0.9349521518866271,90.3315132312016,106.52339274416389
161.23925466244827,65.89674899774147,0.46660852308494655,1.4709221553450638,110.73237957973946,57.88576430613817
205.1469906181017,72.67677194364542,0.4880718456744834,1.5420567241529866,104.26202294787993,84.15031780108158
147.25385138859895,63.04867957615303,0.4655051984799866,1.2852514022828914,103.29506781293011,58.70545938935512
301.95639447429954,88.4232025070275,0.4853126535502373,1.1945672791658986,97.84028152308044,123.21338103883092
351.34677514439466,100.75678952808978,0.4349077972385189,1.2501798786033382,109.5865929640408,103.23022477019649
193.63257089003213,66.9385856268758,0.5430442408777842,1.4000489507657237,95.4589286379472,141.71293108061064
213.78826709386817,71.40984058014016,0.526838620604875,1.5985761697102039,108.60342004800447,98.31499505902272
193.2614312125513,80.11790927417367,0.37835183119338517,1.3796895030417493,84.53780881898885,80.00689883279296
284.73749653331095,81.34774566765994,0.5407088551587841,1.4563405304824446,101.20852667556105,124.4891094611281
282.03499632483084,86.81886982840251,0.4702021482426224,1.0703683941355515,93.0347680535552,87.50283053983367
287.41644474645176,85.31622427165077,0.4962016711730018,1.4069670299660355,112.49755729515967,124.9703071155824
277.08092302763333,77.234112877646,0.5837113857558243,1.2526747011865966,118.79962701439594,92.30385792568278
246.8463470081814,86.6017023038707,0.4136030292164949,1.2276576665650287,95.74675637622782,99.99978063508834
227.72875740275822,72.77449252829304,0.5403428001757824,1.3640633482607045,109.9085529133236,73.5775514805191
268.64077766941523,72.30459535053225,0.6457285671936136,1.8848644947898818,88.08836696321012,144.8526123144631
286.1424514203015,89.60520245405124,0.447842913698891,1.3363345631458514,74.87793767901219,115.48049918285099
254.63195341959877,84.44305276370382,0.44874013570281324,1.2517484449499965,98.82378530876194,63.75544013412029
306.26056018597444,87.32732633250515,0.5046620053729969,1.6807194766391542,78.65411981472465,155.59070511529075
328.73038371205047,89.30309051962821,0.5179844627994283,1.4639304024011262,94.08244781617002,127.68320801270686
279.39432389314226,89.45014711397403,0.43879869220958745,0.6352807661216577,80.19667903834608,139.90744968740756
351.93759039068004,88.67370872410237,0.5624524001166177,1.6278229516365141,65.48694920595872,163.88202666324733
283.73708632869466,82.45085094038446,0.5244881547558633,0.7978365428026586,101.08902181369514,145.2964657794043
180.91459385500306,56.83777115774524,0.7037353828850086,1.1501907964605833,113.92666870740818,111.08804428543647
228.68485600108596,78.81430152190762,0.4626336385623276,1.510526873315816,88.67970836478472,72.18927708055291
232.61927678246474,70.46250618126189,0.588761486774571,1.6871145138215404,111.64907331863793,96.09762394392763
169.9639539655103,62.84178331424955,0.5408411007541825,1.0755656387470458,113.54828108132091,64.6984685163147
142.31545163889507,52.185934965602605,0.6566818030637896,0.982097116276624,94.05796769622533,118.30123508958111
204.92011155315896,70.99413148699242,0.5109160507043526,1.322765835052763,109.68506021514904,78.4404097954908
332.20100869411993,91.37853955581485,0.49994517965182556,1.7158156225695156,98.40641475308522,84.10640541981024
325.0149972715865,92.12465699102516,0.4812397555764625,0.8209202790317693,113.32801671533716,123.05151879698623
245.50865724357487,85.59738442142486,0.4210713440272667,1.3964653927047435,124.87015816717728,68.56627120696866
193.04572333607197,67.97162233985313,0.5250670644217961,1.5327063740089213,92.84332436131066,71.28717723158539
281.9681445774418,80.22903115410747,0.5504866803625413,1.2782009576386824,94.39675619470377,178.2761545640384
210.73132384016867,75.04126058983815,0.4702607341423831,1.2813046592220487,123.48449803224074,63.36952272491178
219.47308622916665,73.4660875124486,0.5109957771363031,1.0234288841567882,95.23888443534726,160.82226247393535
246.70501431267266,83.14811173927514,0.44841802202688125,1.1246990529335326,117.8656891208977,113.2208487274251
219.22401102592792,71.84408196206803,0.5337230808409186,1.3862543351944523,119.81839737289955,67.44227138330908
329.1492634632398,85.36317567384563,0.5676251439183426,1.0567940740741508,118.8956836043261,141.20223425968354
265.6998519477541,74.41537568391873,0.602942391506648,1.5059400368667195,116.90197025159438,82.97221193405221
193.08682148620048,72.78011127845957,0.458075502733313,1.473034954837161,117.37672956302586,77.45679536589869
182.57403341873265,67.66896082119369,0.5010370709014241,1.6195011551343037,110.61962197642163,76.01797571861422
281.3838109971162,81.31137913242321,0.5348183709931432,1.3241330422307112,81.18656991020559,89.93858880083096
323.7620057232611,85.27711496604289,0.5594621983357174,1.4545897786139084,97.98165980304407,134.48470598545282
237.6259523289169,82.04516409934682,0.4436063543024871,1.1119345669423162,96.09610018173993,114.71956530164309
264.1709759413574,84.14154414679231,0.46889328038473077,1.4943122571037164,110.83805093277526,89.74275412460084
234.6740677721225,78.69897087435095,0.47614240240146727,1.148240428259745,127.26914618860447,148.88101308369428
214.20976868305934,73.81998150464126,0.493970794129453,1.0765854141561642,80.30448582053415,110.83693348156042
176.44533814427834,68.68035810257268,0.47006179053227887,1.1657346820235372,118.86954919367784,90.2114035397409
195.1757303347227,70.97394148599592,0.4868978186993279,1.3632687598393807,97.97494060456549,115.6473832737996
289.36995457227596,82.53318470501448,0.5338338308820234,1.608730260659798,99.90126542367221,90.44632481285723
184.99357677380507,70.46345479495571,0.46820780392889166,1.363742144047587,90.10866996134311,76.45200303314212
194.51692372594383,64.76164760249408,0.5828160167519165,1.639711156600973,97.17521373949234,84.79561204966794
285.644328381418,81.62133003341339,0.5388006792635079,1.2604434924653671,106.21250211092865,123.1490781378622
216.68242443246902,73.13901308631324,0.5090206000757715,1.5984840413245773,101.33183223586944,52.59922452866729
320.5284525259324,87.5991425040663,0.5249002032882356,1.2736744673532625,91.34984824535981,121.69633780659392
229.5982030871249,74.79766691139467,0.5157060729674439,0.9431829450722001,103.33328027439899,113.8523907502539
223.53393644140758,83.8988943144041,0.39906244157933307,1.517621667060271,108.74411837834856,77.40270713976408
322.6862620291072,85.35300316235913,0.5566122080067603,1.4645058344978177,96.95783770466318,75.98008919621203
324.78964729020925,85.11586785405667,0.5633664478515432,0.8546833516450275,123.9077191095657,111.3204586204078
186.65697051340766,67.64999040158084,0.5125291823276792,1.0626132500527548,102.55553325953464,72.78371637513865
246.3293716945576,81.56502325771723,0.4652840171067636,0.5,99.93333868257714,70.60768186475426
197.95217788874248,71.2068645890962,0.49059873266293497,1.9926645031529846,71.58814130763699,192.1450940135348
44.40655846289937,36.371906739374566,0.42181774212428985,0.6945184328965073,116.22549775492284,149.73328083683847
159.32707990125914,60.85318498614799,0.5406706979978622,1.2949268001820293,108.32030547644277,85.63563183314635
190.9572375313382,69.90432749104481,0.49106373580546914,1.5762236105231593,87.05674141096007,75.59187416199435
270.9135738337658,89.11715491716811,0.4286649782008111,1.3158047817819924,125.69410495340375,100.43481721152706
161.6352245508561,62.83441540965502,0.5144589382752738,1.5461457845953575,76.35169614621766,76.55822111517546
215.2542356312,67.0942410448961,0.6008846098113697,1.4368151912448954,108.04664041986332,104.17663538091688
269.09980269497646,78.7821876987395,0.5448377242855053,1.1788088676394073,118.54842748837069,89.26060837727363
271.11950558355454,87.15557568229039,0.448518412340148,1.063766603020262,98.49269969102386,105.2600092141059
152.0587581459951,63.56449601902544,0.47292479841184487,1.089722182277252,116.48499741487932,66.05358902727103
494.3341823532047,110.15482771617309,0.5119451524721623,1.178910167155197,83.78201670943646,106.40889170364045
195.7860450127834,65.90127800847324,0.5665052302137856,0.8107634552565537,102.07178050589829,76.71866986648791
251.82109441567673,83.98649668124456,0.44862455353703923,1.3219809236676838,86.19902744741712,98.67837845016214
186.1327680664498,70.7737450464481,0.46696931708673994,1.6082268104517294,106.61980510738222,73.73328882554095
177.88267442516164,70.05688449749633,0.4554512250938009,1.1527808447094268,107.08649909664516,73.97660630672503
146.36581382729122,59.88536393737104,0.5128709842226845,1.1578960821023767,108.4172703040713,128.62416133912635
231.35570169393813,72.52330652200406,0.5527577980533418,1.7210731449705654,103.31793722317498,78.42119523766878
220.76804683146338,77.67104310919298,0.4598622967305738,1.9802496920716202,82.62905069940157,171.56681201225248
209.6198229667715,71.43610090063909,0.5161866042802014,1.042957622923385,115.73402174984594,74.30668988558169
166.43315380526968,64.71778289131306,0.49934700039368346,0.7995735040100825,104.46647468153557,164.23595241390888
250.07286395968228,83.54920687071288,0.4501857759135232,1.4954440387484929,90.97902109806449,163.28395455929416
205.40003253536406,68.28968027260062,0.5534778092938359,1.519511277107808,101.24897434947525,99.36582101060745
313.17992453926274,91.16492910647698,0.4735307452537784,0.88149473419238,122.58720312977705,108.54812453189413
237.33601825997158,74.75939106054143,0.533632172957095,1.688192953556447,118.79082413039679,146.38262660645927
200.3120966310645,72.34739495005577,0.4809182354302755,1.0833303323062196,103.09592687954978,80.70026033445295
316.9661543319834,87.1818582045644,0.5240473292013148,1.2966581677357079,112.59476561185622,117.41376021016845
307.1012414907594,87.50623157573187,0.503980198366891,1.0035796143320155,97.79383260507522,145.86058948304483
316.01253834299865,94.81163782664913,0.44176456855017043,0.9690051399265986,105.9406481348961,106.11868992509321
188.4228224288227,65.33183415436427,0.5547453455211675,0.7644221228437965,109.11114854387843,134.93975477332253
211.46611058583284,80.68726722035602,0.4081695740231726,1.6142344688764427,101.2829418348265,108.64154444076098
337.9554716857184,89.14883997547862,0.5343649368233122,1.404113590766645,82.2311109871265,112.95542988267607
221.86622429605364,77.02933067846537,0.4698819995901825,1.3158361157603122,99.54401098193156,71.14572205981631
284.24796215472617,85.68482175539937,0.48651857782939023,1.2617298277986966,116.51425124168154,64.71253431916587
139.0004585946392,54.616421405103395,0.5855710743798339,0.9311359908291257,92.93557472191665,99.93899941711068
223.96217593563486,76.09930682139598,0.4859853085087234,1.9356634092863945,91.61127091546754,141.60303731378627
188.99858510032462,70.5017628933378,0.47782455462001316,1.139609384943214,102.08216085658255,52.745837779107774
232.0633288775006,76.28123720299655,0.5011652214256938,1.3939693622496478,100.51043386423272,125.77814124012306
185.42943778033347,60.49109292146549,0.6368038540900481,0.9682239202141341,102.88223972565771,61.047805612649086
266.5497845112662,84.92804199853373,0.4643933333545267,2.320048549446507,90.06839442811437,134.169391882408
275.966461991988,87.04789094597199,0.4576670680287656,1.9212063429281896,107.08038169218372,147.8417689775762
206.43422155024865,65.25972551885711,0.6091174934025348,1.567986373249913,101.52585255059269,110.46770357643716
260.0598622769885,80.24877709117126,0.5074652946661742,1.1050407412722292,110.26875088707486,145.12041576420847
132.08270847340825,56.4273280031772,0.5212869569537304,1.274439620113351,109.72397235362568,77.96703241033654
271.5963121602182,83.77442007025097,0.4863073936002435,1.7063832937061925,108.90065543851674,152.44643796533066
286.16502122955256,79.82305521733576,0.5643775357731412,1.1204982550021267,134.67741338044885,56.030261818353594
219.44600924959133,81.95321832193149,0.41058731253739605,1.8183977564028684,101.88443011909798,65.03376037816146
248.21215147738363,84.01258446946831,0.4419205657653195,1.1210136749923036,131.9538287064932,80.91709710103365
242.09205277550402,73.18760299365243,0.5679568604482855,1.0861624936875394,102.54308789861201,65.02988038792711
280.69618072865285,86.18599128015133,0.4748681100206381,1.011610404103322,81.07806175815684,149.27691894462126
286.6247724711532,81.56050486755873,0.5414567549483427,1.1121500478815274,120.93035836304962,129.5172989410751
229.75121672382102,77.23037849542922,0.48405126286711103,1.5143521805109526,121.07863183713442,128.85186376506664
178.60288160441348,73.3707908105621,0.4169192285643536,1.4030779268679707,89.0471589156644,90.43603035482403
